{
  "calibration_date": "2026-04-07",
  "lookback_days": 252,
  "data_quality": "full",
  "eq_vol_hist": 0.17528688116825286,
  "eq_vol_ewma": 0.17262027228333074,
  "eq_vol_stressed": 0.45733277584988874,
  "eq_drift": 0.20391536356461037,
  "eq_spot": 6611.830078125,
  "ir_vol_hist": 0.007328244713832206,
  "ir_vol_stressed": 0.19766062535378615,
  "ir_kappa": 5.0,
  "ir_theta_10y": 0.04246596022763306,
  "ir_theta_short": 0.03896015873977116,
  "ir_spot_10y": 0.043350000381469724,
  "ir_spot_short": 0.03622999906539917,
  "fx_vol_eur": 0.07617081924796722,
  "fx_vol_gbp": 0.08316248289625788,
  "fx_vol_jpy": 0.07944835327668157,
  "fx_vol_chf": 0.07360139239374636,
  "fx_spot_eur": 1.150999665260315,
  "fx_spot_gbp": 1.3186348676681519,
  "fx_spot_jpy": 159.77999877929688,
  "fx_spot_chf": 1.2482056617736816,
  "cs_ig_vol": 0.3,
  "cs_hy_vol": 0.45,
  "vix_level": 24.170000076293945,
  "cmdty_energy_vol": 0.8206972622407758,
  "cmdty_metals_vol": 0.39806002297825027,
  "cmdty_agri_vol": 0.15975578949590405,
  "cmdty_energy_spot": 112.41000366210938,
  "cmdty_metals_spot": 4656.7998046875,
  "cmdty_agri_spot": 454.0,
  "correlation_matrix": [
    [
      0.9999999999999998,
      0.6104683868897074,
      0.4374289498111972,
      0.4996408043403105,
      0.40018626267063323,
      0.9759984362413004
    ],
    [
      0.6104683868897074,
      1.0,
      0.2020172572163341,
      0.2999641639868742,
      0.34993600633805777,
      0.6095445684409863
    ],
    [
      0.4374289498111972,
      0.20201725721633404,
      1.0,
      0.10007419833798187,
      0.050099839560400025,
      0.43573321608007054
    ],
    [
      0.4996408043403105,
      0.2999641639868742,
      0.10007419833798188,
      1.0,
      0.20021121981529214,
      0.5959643288606514
    ],
    [
      0.40018626267063323,
      0.34993600633805777,
      0.050099839560400025,
      0.20021121981529214,
      1.0,
      0.5457998071391105
    ],
    [
      0.9759984362413004,
      0.6095445684409863,
      0.4357332160800705,
      0.5959643288606513,
      0.5457998071391105,
      0.9999999999999998
    ]
  ],
  "fetch_log": {
    "EQ_US": "ok:252 obs",
    "EQ_EU": "ok:252 obs",
    "EQ_EM": "ok:252 obs",
    "EQ_GLOBAL": "ok:252 obs",
    "IR_SHORT": "ok:252 obs",
    "IR_2Y": "skip:^TwoYear",
    "IR_5Y": "ok:252 obs",
    "IR_10Y": "ok:252 obs",
    "IR_30Y": "ok:252 obs",
    "FX_EUR": "ok:252 obs",
    "FX_GBP": "ok:252 obs",
    "FX_JPY": "ok:252 obs",
    "FX_CHF": "ok:252 obs",
    "CMDTY_ENERGY": "ok:252 obs",
    "CMDTY_METALS": "ok:252 obs",
    "CMDTY_AGRI": "ok:252 obs",
    "VIX": "ok:252 obs",
    "MOVE": "skip:^MOVE",
    "EQ_US_cal": "vol=17.53% stressed=45.73%",
    "IR_10Y_cal": "kappa=13.774 theta=4.25% vol=0.73%",
    "CORR_CAL": "factors=['EQ', 'FX', 'IR', 'MARKET']"
  }
}