{
  "calibration_date": "2026-04-11",
  "lookback_days": 252,
  "data_quality": "full",
  "eq_vol_hist": 0.13761884902263738,
  "eq_vol_ewma": 0.178962399159802,
  "eq_vol_stressed": 0.23640549786281356,
  "eq_drift": 0.2234090750715522,
  "eq_spot": 6816.89013671875,
  "ir_vol_hist": 0.006917220425493835,
  "ir_vol_stressed": 0.16049462396403166,
  "ir_kappa": 5.0,
  "ir_theta_10y": 0.042227458039359574,
  "ir_theta_short": 0.03886999999719953,
  "ir_spot_10y": 0.04316999912261963,
  "ir_spot_short": 0.035929999351501464,
  "fx_vol_eur": 0.08559878377687258,
  "fx_vol_gbp": 0.08976280964350425,
  "fx_vol_jpy": 0.07514240582981735,
  "fx_vol_chf": 0.07685831928538218,
  "fx_spot_eur": 1.1728830337524414,
  "fx_spot_gbp": 1.3460689783096313,
  "fx_spot_jpy": 159.2449951171875,
  "fx_spot_chf": 1.2683756351470947,
  "cs_ig_vol": 0.3,
  "cs_hy_vol": 0.45,
  "vix_level": 19.229999542236328,
  "cmdty_energy_vol": 0.9883165377743149,
  "cmdty_metals_vol": 0.3614065650266744,
  "cmdty_agri_vol": 0.15205618462345313,
  "cmdty_energy_spot": 96.56999969482422,
  "cmdty_metals_spot": 4761.89990234375,
  "cmdty_agri_spot": 441.0,
  "correlation_matrix": [
    [
      0.9999999999999998,
      0.6606559231092022,
      0.48776560498211974,
      0.4997145045949105,
      0.4002536672547486,
      0.9752089533945533
    ],
    [
      0.6606559231092022,
      0.9999999999999998,
      0.25188471534894413,
      0.29998590293724514,
      0.3499627769439188,
      0.6591076424085837
    ],
    [
      0.48776560498211974,
      0.251884715348944,
      1.0,
      0.10011162449163379,
      0.050145442748847614,
      0.4854231115135793
    ],
    [
      0.4997145045949105,
      0.29998590293724514,
      0.10011162449163376,
      1.0,
      0.20024366125657334,
      0.5955303727435255
    ],
    [
      0.40025366725474854,
      0.3499627769439187,
      0.050145442748847566,
      0.2002436612565733,
      1.0,
      0.5453877634812787
    ],
    [
      0.9752089533945533,
      0.6591076424085835,
      0.4854231115135793,
      0.5955303727435255,
      0.5453877634812787,
      1.0
    ]
  ],
  "fetch_log": {
    "EQ_US": "ok:252 obs",
    "EQ_EU": "ok:252 obs",
    "EQ_EM": "ok:252 obs",
    "EQ_GLOBAL": "ok:252 obs",
    "IR_SHORT": "ok:252 obs",
    "IR_2Y": "skip:^TwoYear",
    "IR_5Y": "ok:252 obs",
    "IR_10Y": "ok:252 obs",
    "IR_30Y": "ok:252 obs",
    "FX_EUR": "ok:252 obs",
    "FX_GBP": "ok:252 obs",
    "FX_JPY": "ok:252 obs",
    "FX_CHF": "ok:252 obs",
    "CMDTY_ENERGY": "ok:252 obs",
    "CMDTY_METALS": "ok:252 obs",
    "CMDTY_AGRI": "ok:252 obs",
    "VIX": "ok:252 obs",
    "MOVE": "skip:^MOVE",
    "EQ_US_cal": "vol=13.76% stressed=23.64%",
    "IR_10Y_cal": "kappa=12.534 theta=4.22% vol=0.69%",
    "CORR_CAL": "factors=['EQ', 'FX', 'IR', 'MARKET']"
  }
}