{
  "calibration_date": "2026-04-04",
  "lookback_days": 252,
  "data_quality": "full",
  "eq_vol_hist": 0.1823805513335929,
  "eq_vol_ewma": 0.17716075025379852,
  "eq_vol_stressed": 0.49082127290339655,
  "eq_drift": 0.1496772078272746,
  "eq_spot": 6582.68994140625,
  "ir_vol_hist": 0.0074643689760721926,
  "ir_vol_stressed": 0.21507302586354649,
  "ir_kappa": 5.0,
  "ir_theta_10y": 0.042343111817823596,
  "ir_theta_short": 0.038983174619220545,
  "ir_spot_10y": 0.04313000202178955,
  "ir_spot_short": 0.03607000112533569,
  "fx_vol_eur": 0.0794494226913973,
  "fx_vol_gbp": 0.08803127639502059,
  "fx_vol_jpy": 0.08251612649621601,
  "fx_vol_chf": 0.07611693353152019,
  "fx_spot_eur": 1.1522064208984375,
  "fx_spot_gbp": 1.3193846940994263,
  "fx_spot_jpy": 159.6320037841797,
  "fx_spot_chf": 1.2509069442749023,
  "cs_ig_vol": 0.3,
  "cs_hy_vol": 0.45,
  "vix_level": 23.8700008392334,
  "cmdty_energy_vol": 0.8459108649572535,
  "cmdty_metals_vol": 0.4105421770542923,
  "cmdty_agri_vol": 0.16404587905388132,
  "cmdty_energy_spot": 111.54000091552734,
  "cmdty_metals_spot": 4651.5,
  "cmdty_agri_spot": 452.25,
  "correlation_matrix": [
    [
      1.0,
      0.6185345390255551,
      0.45281339021010863,
      0.4996605326329666,
      0.4002030732857861,
      0.9757997178390593
    ],
    [
      0.618534539025555,
      0.9999999999999998,
      0.18367322893617297,
      0.2999713783169679,
      0.3499451468473839,
      0.6174389069492376
    ],
    [
      0.45281339021010863,
      0.183673228936173,
      0.9999999999999998,
      0.10008399317102878,
      0.05011189106074082,
      0.450943219984018
    ],
    [
      0.4996605326329666,
      0.2999713783169679,
      0.10008399317102881,
      1.0,
      0.2002191652196978,
      0.5958529869502666
    ],
    [
      0.4002030732857861,
      0.349945146847384,
      0.05011189106074089,
      0.20021916521969774,
      0.9999999999999998,
      0.5456951428894847
    ],
    [
      0.9757997178390593,
      0.6174389069492376,
      0.450943219984018,
      0.5958529869502666,
      0.5456951428894847,
      1.0000000000000002
    ]
  ],
  "fetch_log": {
    "EQ_US": "ok:252 obs",
    "EQ_EU": "ok:252 obs",
    "EQ_EM": "ok:252 obs",
    "EQ_GLOBAL": "ok:252 obs",
    "IR_SHORT": "ok:252 obs",
    "IR_2Y": "skip:^TwoYear",
    "IR_5Y": "ok:252 obs",
    "IR_10Y": "ok:252 obs",
    "IR_30Y": "ok:252 obs",
    "FX_EUR": "ok:252 obs",
    "FX_GBP": "ok:252 obs",
    "FX_JPY": "ok:252 obs",
    "FX_CHF": "ok:252 obs",
    "CMDTY_ENERGY": "ok:252 obs",
    "CMDTY_METALS": "ok:252 obs",
    "CMDTY_AGRI": "ok:252 obs",
    "VIX": "ok:252 obs",
    "MOVE": "skip:^MOVE",
    "EQ_US_cal": "vol=18.24% stressed=49.08%",
    "IR_10Y_cal": "kappa=13.675 theta=4.23% vol=0.75%",
    "CORR_CAL": "factors=['EQ', 'FX', 'IR', 'MARKET']"
  }
}