{
  "calibration_date": "2026-04-06",
  "lookback_days": 252,
  "data_quality": "full",
  "eq_vol_hist": 0.1823805513335929,
  "eq_vol_ewma": 0.17716075025379852,
  "eq_vol_stressed": 0.49082127290339655,
  "eq_drift": 0.1496772078272746,
  "eq_spot": 6582.68994140625,
  "ir_vol_hist": 0.0074643689760721926,
  "ir_vol_stressed": 0.21507302586354649,
  "ir_kappa": 5.0,
  "ir_theta_10y": 0.042343111817823596,
  "ir_theta_short": 0.038983174619220545,
  "ir_spot_10y": 0.04313000202178955,
  "ir_spot_short": 0.03607000112533569,
  "fx_vol_eur": 0.07778351228791734,
  "fx_vol_gbp": 0.08473036975030095,
  "fx_vol_jpy": 0.08162241111387615,
  "fx_vol_chf": 0.07485509933553908,
  "fx_spot_eur": 1.1541746854782104,
  "fx_spot_gbp": 1.3230313062667847,
  "fx_spot_jpy": 159.49099731445312,
  "fx_spot_chf": 1.2521443367004395,
  "cs_ig_vol": 0.3,
  "cs_hy_vol": 0.45,
  "vix_level": 23.8700008392334,
  "cmdty_energy_vol": 0.8459108649572535,
  "cmdty_metals_vol": 0.4105421770542923,
  "cmdty_agri_vol": 0.16404587905388132,
  "cmdty_energy_spot": 111.54000091552734,
  "cmdty_metals_spot": 4651.5,
  "cmdty_agri_spot": 452.25,
  "correlation_matrix": [
    [
      0.9999999999999998,
      0.6339141579590701,
      0.4528219200995642,
      0.49966722099211436,
      0.40020446699876777,
      0.9757911126913194
    ],
    [
      0.63391415795907,
      1.0000000000000002,
      0.19002656569266688,
      0.2999778844787957,
      0.3499535531308535,
      0.6326966734564293
    ],
    [
      0.4528219200995642,
      0.19002656569266688,
      1.0,
      0.10008515173368954,
      0.05011302554766639,
      0.45092723217378305
    ],
    [
      0.49966722099211436,
      0.2999778844787957,
      0.10008515173368951,
      1.0,
      0.2002199123187165,
      0.5958335556096341
    ],
    [
      0.4002044669987678,
      0.34995355313085347,
      0.0501130255476664,
      0.20021991231871664,
      1.0,
      0.5456815624544984
    ],
    [
      0.9757911126913194,
      0.6326966734564293,
      0.450927232173783,
      0.5958335556096341,
      0.5456815624544983,
      0.9999999999999998
    ]
  ],
  "fetch_log": {
    "EQ_US": "ok:252 obs",
    "EQ_EU": "ok:252 obs",
    "EQ_EM": "ok:252 obs",
    "EQ_GLOBAL": "ok:252 obs",
    "IR_SHORT": "ok:252 obs",
    "IR_2Y": "skip:^TwoYear",
    "IR_5Y": "ok:252 obs",
    "IR_10Y": "ok:252 obs",
    "IR_30Y": "ok:252 obs",
    "FX_EUR": "ok:252 obs",
    "FX_GBP": "ok:252 obs",
    "FX_JPY": "ok:252 obs",
    "FX_CHF": "ok:252 obs",
    "CMDTY_ENERGY": "ok:252 obs",
    "CMDTY_METALS": "ok:252 obs",
    "CMDTY_AGRI": "ok:252 obs",
    "VIX": "ok:252 obs",
    "MOVE": "skip:^MOVE",
    "EQ_US_cal": "vol=18.24% stressed=49.08%",
    "IR_10Y_cal": "kappa=13.675 theta=4.23% vol=0.75%",
    "CORR_CAL": "factors=['EQ', 'FX', 'IR', 'MARKET']"
  }
}