{
  "calibration_date": "2026-04-10",
  "lookback_days": 252,
  "data_quality": "full",
  "eq_vol_hist": 0.16452084289197985,
  "eq_vol_ewma": 0.18452923609902186,
  "eq_vol_stressed": 0.38849766344190356,
  "eq_drift": 0.31580979412377813,
  "eq_spot": 6824.66015625,
  "ir_vol_hist": 0.007053257627271841,
  "ir_vol_stressed": 0.17191352844220176,
  "ir_kappa": 5.0,
  "ir_theta_10y": 0.04231782177778272,
  "ir_theta_short": 0.03889321428442758,
  "ir_spot_10y": 0.04293000221252442,
  "ir_spot_short": 0.03588000059127808,
  "fx_vol_eur": 0.08501280618244618,
  "fx_vol_gbp": 0.09041847894038174,
  "fx_vol_jpy": 0.07599525354687496,
  "fx_vol_chf": 0.07780605687148857,
  "fx_spot_eur": 1.16593599319458,
  "fx_spot_gbp": 1.3394052982330322,
  "fx_spot_jpy": 158.64199829101562,
  "fx_spot_chf": 1.2635835409164429,
  "cs_ig_vol": 0.3,
  "cs_hy_vol": 0.45,
  "vix_level": 19.489999771118164,
  "cmdty_energy_vol": 1.0179589460087988,
  "cmdty_metals_vol": 0.3718933593226408,
  "cmdty_agri_vol": 0.1544589224977527,
  "cmdty_energy_spot": 97.87000274658203,
  "cmdty_metals_spot": 4792.2001953125,
  "cmdty_agri_spot": 444.0,
  "correlation_matrix": [
    [
      1.0000000000000002,
      0.6933010967147223,
      0.48871200136159626,
      0.4997301103268257,
      0.4002608471139386,
      0.9751325306911962
    ],
    [
      0.6933010967147223,
      1.0000000000000002,
      0.2993691270474642,
      0.29999725861579307,
      0.3499769443825838,
      0.6915052819147962
    ],
    [
      0.48871200136159626,
      0.2993691270474642,
      1.0,
      0.10011384481243557,
      0.05014733159115969,
      0.486317709227712
    ],
    [
      0.4997301103268257,
      0.29999725861579307,
      0.10011384481243552,
      1.0,
      0.2002476220491741,
      0.5954658829217419
    ],
    [
      0.4002608471139386,
      0.34997694438258387,
      0.05014733159115971,
      0.20024762204917415,
      1.0000000000000002,
      0.5453347493105286
    ],
    [
      0.9751325306911962,
      0.6915052819147962,
      0.48631770922771195,
      0.595465882921742,
      0.5453347493105285,
      1.0
    ]
  ],
  "fetch_log": {
    "EQ_US": "ok:252 obs",
    "EQ_EU": "ok:252 obs",
    "EQ_EM": "ok:252 obs",
    "EQ_GLOBAL": "ok:252 obs",
    "IR_SHORT": "ok:252 obs",
    "IR_2Y": "skip:^TwoYear",
    "IR_5Y": "ok:252 obs",
    "IR_10Y": "ok:252 obs",
    "IR_30Y": "ok:252 obs",
    "FX_EUR": "ok:252 obs",
    "FX_GBP": "ok:252 obs",
    "FX_JPY": "ok:252 obs",
    "FX_CHF": "ok:252 obs",
    "CMDTY_ENERGY": "ok:252 obs",
    "CMDTY_METALS": "ok:252 obs",
    "CMDTY_AGRI": "ok:252 obs",
    "VIX": "ok:252 obs",
    "MOVE": "skip:^MOVE",
    "EQ_US_cal": "vol=16.45% stressed=38.85%",
    "IR_10Y_cal": "kappa=12.394 theta=4.23% vol=0.71%",
    "CORR_CAL": "factors=['EQ', 'FX', 'IR', 'MARKET']"
  }
}